{
    "contents": [
        {
            "title" : "tracking mode X-MARKER",
            "description"  : "Using EXT-X-MARKER directive in HTTP Live Streaming to extract Ad Tracking info. PodBegin,PodEnd,AdBegin will be parsed into list of RAF Pods and given to RAF.stitchedAdsInit() then RAF.stitchedAdHandledEvent() called when POSITION events. App may not call RAF.fireTrackingEvents().",
            "url"   : "https://stream.ads.ottera.tv/playlist.m3u8?network_id=58&avod=1&coppa=1&is_lat=1&dnt=1&us_privacy=1---&did=00000000-0000-0000-0000-000000000000&app_bundle=27021&app_store_url=https%3A%2F%2Fchannelstore.roku.com%2Fdetails%2F27021&app_domain=toongoggles.com&app_name=toongoggles&custom_targeting=roku&custom_4=roku&h=720&w=1280&content_channel=toongoggles&content_dist_name=roku&device_make=roku&device_model=3810x&preferred_language=EN&consent=0&gdpr=0&custom_12=0&custom_15=en&custom_16=EN&custom_17=en&livestream=1&custom_param_0=3810x&custom_param_1=tv&custom_param_2=roku&custom_param_3=6ed2eecb-ae4b-5f23-aa17-490405b8d362&custom_param_4=roku&custom_param_5=roku&custom_param_6=North%2520America&cst=1"
        },
        {
            "title" : "tracking mode X-MARKER, fireTrackingEvents() only",
            "description"  : "Using EXT-X-MARKER directive in HTTP Live Streaming, but RAF Pods not given to RAF.stitchedAdsInit() nor RAF.stitchedAdHandledEvent() called. App is responsible to call RAF.fireTrackingEvents().",
            "useStitched": false,
            "url"   : "https://stream.ads.ottera.tv/playlist.m3u8?network_id=58&avod=1&coppa=1&is_lat=1&dnt=1&us_privacy=1---&did=00000000-0000-0000-0000-000000000000&app_bundle=27021&app_store_url=https%3A%2F%2Fchannelstore.roku.com%2Fdetails%2F27021&app_domain=toongoggles.com&app_name=toongoggles&custom_targeting=roku&custom_4=roku&h=720&w=1280&content_channel=toongoggles&content_dist_name=roku&device_make=roku&device_model=3810x&preferred_language=EN&consent=0&gdpr=0&custom_12=0&custom_15=en&custom_16=EN&custom_17=en&livestream=1&custom_param_0=3810x&custom_param_1=tv&custom_param_2=roku&custom_param_3=6ed2eecb-ae4b-5f23-aa17-490405b8d362&custom_param_4=roku&custom_param_5=roku&custom_param_6=North%2520America&cst=1"
        }
    ]
}
