{
    "contents": [
        {
            "title" : "VOD",
            "id"    : "vod_stream",
            "description" : "VOD content example, replace this with your test asset",
            "streamformat": "hls",
            "url"   : "https://mediatailor.us-east-1.amazonaws.com/v1/session/hashed_account_ID/originID/master.m3u8",
            "params": {"adsParams":{}}
        },
        {
            "title" : "Live",
            "id"    : "live_stream",
            "live"  : true,
            "description" : "Live content example, replace this with your test asset",
            "streamformat": "hls",
            "url"   : "https://mediatailor.us-east-1.amazonaws.com/v1/session/hashed_account_ID/originID/master.m3u8"
        },
        {
            "title" : "Your TestAsset",
            "id"    : "test_asset_id",
            "description" : "Add your test asset title ad url and mediaURL.",
            "url"   : "<mediatailorURL>/v1/session/<hashed-account-ID>/<originID>/<assetID>"
        }
    ]
}
