<?xml version = "1.0" encoding = "utf-8" ?>
<!-- Copyright 2017 Roku, Inc.  All Rights Reserved. -->

<component name = "playerTask" extends = "Task">
<interface>
  <field id="testConfig"   type="assocarray" />
  <field id="video"        type="Node" />
  <field id="errors"       type="stringarray" />
  <field id="adPlaying"    type="boolean" />

</interface>

<script type = "text/brightscript" uri="../lib/rafxssai.brs" />
<script type = "text/brightscript" uri="./YospaceTask.brs" />


</component>
