[
  {
    "ads": [
      {
        "duration": 30,
        "streamformat": "iroll",
        "streams": [
          {
            "mimetype": "application/json",
            "url": "http://video.innovid.com/tags/static.innovid.com/roku/1gug9d.json?cb=e26fc94f-e62a-2873-4876-fc7d7c3e414d"
          }
        ],
        "tracking": [
          {
            "event": "Impression",
            "time": 0,
            "triggered": false,
            "url": "http://example.com/?Innovid_1_Impression"
          },
          {
            "event": "Close",
            "triggered": false,
            "url": "http://example.com/?Innovid_1_Close"
          },
          {
            "event": "AcceptInvitation",
            "triggered": false,
            "url": "http://example.com/?Innovid_1_AcceptInvitation"
          },
          {
            "event": "Midpoint",
            "time": 15,
            "triggered": false,
            "url": "http://example.com/?Innovid_1_Midpoint"
          },
          {
            "event": "Complete",
            "time": 30,
            "triggered": false,
            "url": "http://example.com/?Innovid_1_Complete"
          },
          {
            "event": "Pause",
            "triggered": false,
            "url": "http://example.com/?Innovid_1_Pause"
          },
          {
            "event": "Resume",
            "triggered": false,
            "url": "http://example.com/?Innovid_1_Resume"
          }
        ]
      },
      {
        "duration": 30,
        "streamformat": "iroll",
        "streams": [
          {
            "mimetype": "application/json",
            "url": "http://video.innovid.com/tags/static.innovid.com/roku/1gug9o.json?cb=a041f1c2-e0d0-0732-794f-220d6017e62e"
          }
        ],
        "tracking": [
          {
            "event": "Impression",
            "time": 30,
            "triggered": false,
            "url": "http://example.com/?Innovid_2_Impression"
          },
          {
            "event": "AcceptInvitation",
            "triggered": false,
            "url": "http://example.com/?Innovid_2_AcceptInvitation"
          },
          {
            "event": "Midpoint",
            "time": 45,
            "triggered": false,
            "url": "http://example.com/?Innovid_2_Midpoint"
          },
          {
            "event": "Complete",
            "time": 60,
            "triggered": false,
            "url": "http://example.com/?Innovid_2_Complete"
          },
          {
            "event": "Close",
            "triggered": false,
            "url": "http://example.com/?Innovid_2_Close"
          },
          {
            "event": "Pause",
            "triggered": false,
            "url": "http://example.com/?Innovid_2_Pause"
          },
          {
            "event": "Resume",
            "triggered": false,
            "url": "http://example.com/?Innovid_2_Resume"
          }
        ]
      },
      {
        "duration": 30,
        "streamformat": "iroll",
        "streams": [
          {
            "mimetype": "application/json",
            "url": "http://video.innovid.com/tags/static.innovid.com/roku/1guga3.json?cb=3c2e6499-5696-bbe4-9a85-eb7187fd29cb"
          }
        ],
        "tracking": [
          {
            "event": "Impression",
            "time": 60,
            "triggered": false,
            "url": "http://example.com/?Innovid_3_Impression"
          },
          {
            "event": "Close",
            "triggered": false,
            "url": "http://example.com/?Innovid_3_Close"
          },
          {
            "event": "AcceptInvitation",
            "triggered": false,
            "url": "http://example.com/?Innovid_3_AcceptInvitation"
          },
          {
            "event": "Midpoint",
            "time": 75,
            "triggered": false,
            "url": "http://example.com/?Innovid_3_Midpoint"
          },
          {
            "event": "Complete",
            "time": 90,
            "triggered": false,
            "url": "http://example.com/?Innovid_3_Complete"
          },
          {
            "event": "Pause",
            "triggered": false,
            "url": "http://example.com/?Innovid_3_Pause"
          },
          {
            "event": "Resume",
            "triggered": false,
            "url": "http://example.com/?Innovid_3_Resume"
          }
        ]
      }
    ],
    "duration": 90,
    "rendersequence": "preroll",
    "rendertime": 0,
    "tracking": [],
    "viewed": false
  },
  {
    "ads": [
      {
        "duration": 30,
        "streamformat": "iroll",
        "streams": [
          {
            "mimetype": "application/json",
            "url": "http://video.innovid.com/tags/static.innovid.com/roku/1gug9r.json?cb=83da45c6-a22d-8676-37dc-e1d1e3ab0886"
          }
        ],
        "tracking": [
          {
            "event": "Impression",
            "time": 630,
            "triggered": false,
            "url": "http://example.com/?Innovid_1_Impression"
          },
          {
            "event": "AcceptInvitation",
            "triggered": false,
            "url": "http://example.com/?Innovid_1_AcceptInvitation"
          },
          {
            "event": "Midpoint",
            "time": 645,
            "triggered": false,
            "url": "http://example.com/?Innovid_1_Midpoint"
          },
          {
            "event": "Complete",
            "time": 660,
            "triggered": false,
            "url": "http://example.com/?Innovid_1_Complete"
          },
          {
            "event": "Close",
            "triggered": false,
            "url": "http://example.com/?Innovid_1_Close"
          },
          {
            "event": "Pause",
            "triggered": false,
            "url": "http://example.com/?Innovid_1_Pause"
          },
          {
            "event": "Resume",
            "triggered": false,
            "url": "http://example.com/?Innovid_1_Resume"
          }
        ]
      },
      {
        "duration": 30,
        "streamformat": "iroll",
        "streams": [
          {
            "mimetype": "application/json",
            "url": "http://video.innovid.com/tags/static.innovid.com/roku/1gug9q.json?cb=889c8e1b-27ee-f201-9c2d-90584a5a80fa"
          }
        ],
        "tracking": [
          {
            "event": "Impression",
            "time": 660,
            "triggered": false,
            "url": "http://example.com/?Innovid_2_Impression"
          },
          {
            "event": "Close",
            "triggered": false,
            "url": "http://example.com/?Innovid_2_Close"
          },
          {
            "event": "AcceptInvitation",
            "triggered": false,
            "url": "http://example.com/?Innovid_2_AcceptInvitation"
          },
          {
            "event": "Midpoint",
            "time": 675,
            "triggered": false,
            "url": "http://example.com/?Innovid_2_Midpoint"
          },
          {
            "event": "Complete",
            "time": 690,
            "triggered": false,
            "url": "http://example.com/?Innovid_2_Complete"
          },
          {
            "event": "Pause",
            "triggered": false,
            "url": "http://example.com/?Innovid_2_Pause"
          },
          {
            "event": "Resume",
            "triggered": false,
            "url": "http://example.com/?Innovid_2_Resume"
          }
        ]
      },
      {
        "duration": 30,
        "streamformat": "iroll",
        "streams": [
          {
            "mimetype": "application/json",
            "url": "http://video.innovid.com/tags/static.innovid.com/roku/1gug9k.json?cb=8c1606f3-8229-97d6-2374-391d46a46f50"
          }
        ],
        "tracking": [
          {
            "event": "Impression",
            "time": 690,
            "triggered": false,
            "url": "http://example.com/?Innovid_3_Impression"
          },
          {
            "event": "Close",
            "triggered": false,
            "url": "http://example.com/?Innovid_3_Close"
          },
          {
            "event": "AcceptInvitation",
            "triggered": false,
            "url": "http://example.com/?Innovid_3_AcceptInvitation"
          },
          {
            "event": "Midpoint",
            "time": 705,
            "triggered": false,
            "url": "http://example.com/?Innovid_3_Midpoint"
          },
          {
            "event": "Complete",
            "time": 720,
            "triggered": false,
            "url": "http://example.com/?Innovid_3_Complete"
          },
          {
            "event": "Pause",
            "triggered": false,
            "url": "http://example.com/?Innovid_3_Pause"
          },
          {
            "event": "Resume",
            "triggered": false,
            "url": "http://example.com/?Innovid_3_Resume"
          }
        ]
      }
    ],
    "duration": 90,
    "rendersequence": "midroll",
    "rendertime": 510,
    "tracking": [],
    "viewed": false
  },
  {
    "ads": [
      {
        "duration": 30,
        "streamformat": "iroll",
        "streams": [
          {
            "mimetype": "application/json",
            "url": "http://video.innovid.com/tags/static.innovid.com/roku/1guga4.json?cb=ece56919-87a6-3ef9-8070-be58fff59d9a"
          }
        ],
        "tracking": [
          {
            "event": "Impression",
            "time": 1110,
            "triggered": false,
            "url": "http://example.com/?Innovid_1_Impression"
          },
          {
            "event": "Close",
            "triggered": false,
            "url": "http://example.com/?Innovid_1_Close"
          },
          {
            "event": "AcceptInvitation",
            "triggered": false,
            "url": "http://example.com/?Innovid_1_AcceptInvitation"
          },
          {
            "event": "Midpoint",
            "time": 1125,
            "triggered": false,
            "url": "http://example.com/?Innovid_1_Midpoint"
          },
          {
            "event": "Complete",
            "time": 1140,
            "triggered": false,
            "url": "http://example.com/?Innovid_1_Complete"
          },
          {
            "event": "Pause",
            "triggered": false,
            "url": "http://example.com/?Innovid_1_Pause"
          },
          {
            "event": "Resume",
            "triggered": false,
            "url": "http://example.com/?Innovid_1_Resume"
          }
        ]
      },
      {
        "duration": 30,
        "streamformat": "iroll",
        "streams": [
          {
            "mimetype": "application/json",
            "url": "http://video.innovid.com/tags/static.innovid.com/roku/1gug9j.json?cb=6965b6b0-09bc-552d-36aa-51d522eef90a"
          }
        ],
        "tracking": [
          {
            "event": "Impression",
            "time": 1140,
            "triggered": false,
            "url": "http://example.com/?Innovid_2_Impression"
          },
          {
            "event": "AcceptInvitation",
            "triggered": false,
            "url": "http://example.com/?Innovid_2_AcceptInvitation"
          },
          {
            "event": "Midpoint",
            "time": 1155,
            "triggered": false,
            "url": "http://example.com/?Innovid_2_Midpoint"
          },
          {
            "event": "Complete",
            "time": 1170,
            "triggered": false,
            "url": "http://example.com/?Innovid_2_Complete"
          },
          {
            "event": "Close",
            "triggered": false,
            "url": "http://example.com/?Innovid_2_Close"
          },
          {
            "event": "Pause",
            "triggered": false,
            "url": "http://example.com/?Innovid_2_Pause"
          },
          {
            "event": "Resume",
            "triggered": false,
            "url": "http://example.com/?Innovid_Video_2_Resume"
          }
        ]
      },
      {
        "duration": 30,
        "streamformat": "iroll",
        "streams": [
          {
            "mimetype": "application/json",
            "url": "http://video.innovid.com/tags/static.innovid.com/roku/1gug9t.json?cb=8af0bece-60b7-d4e4-a700-ddf19e3aa8c9"
          }
        ],
        "tracking": [
          {
            "event": "Impression",
            "time": 1170,
            "triggered": false,
            "url": "http://example.com/?Innovid_3_Impression"
          },
          {
            "event": "Close",
            "triggered": false,
            "url": "http://example.com/?Innovid_3_Close"
          },
          {
            "event": "AcceptInvitation",
            "triggered": false,
            "url": "http://example.com/?Innovid_3_AcceptInvitation"
          },
          {
            "event": "Midpoint",
            "time": 1185,
            "triggered": false,
            "url": "http://example.com/?Innovid_3_Midpoint"
          },
          {
            "event": "Complete",
            "time": 1200,
            "triggered": false,
            "url": "http://example.com/?Innovid_3_Complete"
          },
          {
            "event": "Pause",
            "triggered": false,
            "url": "http://example.com/?Innovid_3_Pause"
          },
          {
            "event": "Resume",
            "triggered": false,
            "url": "http://example.com/?Innovid_3_Resume"
          }
        ]
      }
    ],
    "duration": 90,
    "rendersequence": "postroll",
    "rendertime": 930,
    "tracking": [],
    "viewed": false
  }
]