<?xml version = "1.0" encoding = "utf-8" ?> 

<!--********** Copyright 2016 Roku Corp.  All Rights Reserved. **********-->

<component name = "ZORectanglesExample" extends = "Scene" >

  <script type = "text/brightscript" >

    <![CDATA[

    sub init()
      m.top.backgroundURI = "pkg:/images/rsgde_bg_hd.jpg"

      example = m.top.findNode("exampleRectangles")

      examplerect = example.boundingRect()
      centerx = (1280 - examplerect.width) / 2
      centery = (720 - examplerect.height) / 2
      example.translation = [ centerx, centery ]

      m.top.setFocus(true)
    end sub

    ]]>

  </script>

  <children>

    <Group id = "exampleRectangles" >

      <Rectangle 
        id = "lowestRectangle" 
        translation = "[ 0.0, 0.0 ]" 
        width = "180" 
        height = "60" 
        color = "0xEB1010FF" />

      <Rectangle 
        id = "middleRectangle" 
        translation = "[ 60.0, 30.0 ]" 
        width = "360" 
        height = "120" 
        color = "0x10EB10FF" />

      <Rectangle 
        id = "highestRectangle" 
        translation = "[ 180.0, 90.0 ]" 
        width = "720" 
        height = "240" 
        color = "0x1010EBFF" />

    </Group>

  </children>

</component>
