﻿<?xml version="1.0" encoding="utf-8" standalone="yes"?>
<AudioContent>
  <audio title = "Main Menu" streamformat = "mp3" url = "http://www.sdktestinglab.com/Tutorial/sounds/mainmenu.mp3" />
  <audio title = "Renderable Nodes" streamformat = "mp3" url = "http://www.sdktestinglab.com/Tutorial/sounds/renderables.mp3" />
  <audio title = "Z-Order/Parent-Child" streamformat = "mp3" url = "http://www.sdktestinglab.com/Tutorial/sounds/sgorder.mp3" />
  <audio title = "Animations" streamformat = "mp3" url = "http://www.sdktestinglab.com/Tutorial/sounds/animations.mp3" />
  <audio title = "Events and Observers" streamformat = "mp3" url = "http://www.sdktestinglab.com/Tutorial/sounds/eventsobservers.mp3" />
  <audio title = "Typography" streamformat = "mp3" url = "http://www.sdktestinglab.com/Tutorial/sounds/typography.mp3" />
  <audio title = "Control Nodes" streamformat = "mp3" url = "http://www.sdktestinglab.com/Tutorial/sounds/control.mp3" />
  <audio title = "Lists and Grids" streamformat = "mp3" url = "http://www.sdktestinglab.com/Tutorial/sounds/listsgrids.mp3" />
  <audio title = "Dialogs" streamformat = "mp3" url = "http://www.sdktestinglab.com/Tutorial/sounds/dialogs.mp3" />
  <audio title = "Widgets" streamformat = "mp3" url = "http://www.sdktestinglab.com/Tutorial/sounds/widgets.mp3" />
  <audio title = "Layout/Groups" streamformat = "mp3" url = "http://www.sdktestinglab.com/Tutorial/sounds/layoutgroups.mp3" />
  <audio title = "Sliding Panels" streamformat = "mp3" url = "http://www.sdktestinglab.com/Tutorial/sounds/panels.mp3" />
  <audio title = "Media Playback" streamformat = "mp3" url = "http://www.sdktestinglab.com/Tutorial/sounds/media.mp3" />
  <audio title = "Audio Node" streamformat = "mp3" url = "http://www.sdktestinglab.com/Tutorial/sounds/audionode.mp3" />
</AudioContent>
