<?xml version="1.0" encoding="utf-8" ?> 

<!--********** Copyright 2015 Roku Corp.  All Rights Reserved. **********-->

<component name="bannerScene" extends="Scene" >

<script type="text/brightscript" >
<![CDATA[

sub init()
	m.top.backgroundURI = "pkg:/images/purplebg.jpg"

	m.top.setFocus(true)
end sub

]]>
</script>

<children>
  <Group>
    <Rectangle 
        id="bottomRectangle" 
	color="0x0000FFFF" 
	width="1280" 
	height="60" 
	translation="[0,620]" />

    <Label 
	id="bottomLabel"
	height="60"
        width="0"
	text = "All The Best Videos!"
	horizAlign = "left"
	vertAlign = "center"
	translation="[160,620]" />

    <Poster
	id="channelPoster"
	uri="pkg:/images/channel.png"
	width="220"
	height="100"
	translation="[900,600]" />
  </Group>
</children>

</component>
