<?xml version="1.0" encoding="utf-8" ?>

<!--********** Copyright 2016 Roku Corp.  All Rights Reserved. **********--> 

<!-- video node -->
<component name="MainVideo" extends="Video">
    <interface>
        <!-- Provides access to infoLabel text. -->
        <field id="infoLabelText" type="string" alias="infoLabel.text" />
        <!-- OBSERVE-ONLY. Set to True when "back" remote control key pressed. -->
        <field id="navBack" type="boolean" alwaysNotify="true" />
    </interface>

    <!-- main handler -->
    <script type="text/brightscript" uri="pkg:/components/MainVideo.brs"/>

    <children>
        <!-- Information label -->
        <Label id="infoLabel"
            translation="[50,50]" font="font:LargeBoldSystemFont" color="0xFFFFFFFF"/>
    </children>
</component>
