<?xml version="1.0" encoding="utf-8" ?>
<!--********** Copyright 2016 Roku Corp.  All Rights Reserved. **********-->

 
<component name="SimpleListItem" extends="Group">
 
<interface> 
  <field id="itemContent" type="node" onChange="itemContentChanged"/>
</interface>
 
<script type="text/brightscript" >
<![CDATA[ 
  function itemContentChanged() 
    itemData = m.top.itemContent
    m.itemImage.uri = itemData.posterUrl
    m.itemText.text = itemData.labelText
    m.item2Text.text = itemData.label2Text
  end function
  
  function init() 
    m.itemImage = m.top.findNode("itemImage") 
    m.itemText = m.top.findNode("itemText") 
    m.item2Text = m.top.findNode("item2Text") 
  end function
]]>
</script>

<children> 
<LayoutGroup layoutDirection="horiz" vertAlignment="center" itemSpacings="20" translation="[0,25]" >
    <Poster id="itemImage" translation="[5,3]" width="60" height="40" />

    <LayoutGroup layoutDirection="vert" horizAlignment="left" itemSpacings="0" >
        <Label id="itemText" font="font:MediumSystemFont" color="0xffff00ff" />
        <Label id="item2Text" font="font:SmallSystemFont" color="0xa0cc40ff" />
    </LayoutGroup>
</LayoutGroup>

</children>

</component>
