<?xml version="1.0" encoding="utf-8" ?> 

<!--********** Copyright 2015 Roku Corp.  All Rights Reserved. **********-->

<component name="rectanglesinheritanceScene" extends="Scene" >

<script type="text/brightscript" >
<![CDATA[

sub init()
	m.top.backgroundURI = "pkg:/images/purplebg.jpg"

	m.top.setFocus(true)
end sub

]]>
</script>

<children>
    <Rectangle 
	id="lowestRectangle" 
	color="0xFF0000FF" 
	width="180" 
	height="60" 
	translation="[190,195]" >

	<Rectangle 
		id="middleRectangle" 
		opacity="0.5"
		color="0x00FF00FF" 
		width="360" 
		height="120" 
		translation="[60,30]" >

		<Rectangle 
			id="highestRectangle" 
			opacity="0.25"
			color="0x0000FFFF" 
			width="720" 
			height="240" 
			translation="[120,60]" />
	</Rectangle>
    </Rectangle>
</children>

</component>
