<?xml version="1.0" encoding="utf-8" ?>
 
<component name = "VODCategoriesListItem" extends = "Group">
 
  <interface> 
    <field id = "itemContent" type = "node" onChange = "showcontent" />
    <field id = "focusPercent" type = "float" onChange = "showfocus" /> 
  </interface>
 
  <script type = "text/brightscript" >

    <![CDATA[

    sub init()
      m.itemicon = m.top.findNode("itemicon")
      m.itemlabel = m.top.findNode("itemLabel")
      m.itemcursor = m.top.findNode("itemcursor")
      m.itemposter = m.top.findNode("itemPoster")
    end sub

    sub showcontent()
      itemcontent = m.top.itemContent
      m.itemicon.uri = itemcontent.url
      m.itemlabel.text = itemcontent.title
      m.itemposter.uri = itemcontent.HDPosterUrl
    end sub

    sub showfocus()
      m.itemcursor.opacity = m.top.focusPercent
      m.itemposter.opacity = m.top.focusPercent
    end sub
    ]]>

  </script>

  <children>

    <Group>

      <Poster 
        id = "itemicon" 
        width = "53" 
        height = "30" 
        translation = "[ 0, 114 ]" />

      <Label 
        id = "itemLabel" 
        width = "150"
        height = "30"
        translation = "[ 60, 120 ]" />

      <Rectangle 
        id = "itemcursor" 
        width = "294" 
        height = "4" 
        color = "0xFF3333FF"
        opacity = "0.0"
        translation = "[ 0, 148 ]" />

      <Poster 
        id = "itemPoster" 
        width = "98" 
        height = "140" 
        opacity = "0.0"
        translation = "[ 192, 4 ]" />

    </Group>

  </children>

</component>
