<?xml version="1.0" encoding="utf-8" ?> 

<!--********** Copyright 2015 Roku Corp.  All Rights Reserved. **********-->

<component name = "markuplistcontent" extends = "ContentNode" >
 
  <interface>
    <field id = "markuplistcontent" type = "node" />
  </interface> 

  <children>

    <ContentNode title = "Comedy" url = "pkg:/images/comedyicon.jpg" HDPosterUrl = "pkg:/images/comedyposter.jpg" />

    <ContentNode title = "Drama" url = "pkg:/images/dramaicon.jpg" HDPosterUrl = "pkg:/images/dramaposter.jpg" />

    <ContentNode title = "Action" url = "pkg:/images/actionicon.jpg" HDPosterUrl = "pkg:/images/actionposter.jpg" />

    <ContentNode title = "Horror" url = "pkg:/images/horroricon.jpg" HDPosterUrl = "pkg:/images/horrorposter.jpg" />

  </children>

</component>
