<?xml version="1.0" encoding="utf-8" ?>

<!--********** Copyright 2018 Roku Corp.  All Rights Reserved. **********-->
 
<component name="RowListItem" extends="Group">
 
  <interface> 
    <field id="itemContent" type="node" onChange="showcontent" />
    <field id="focusPercent" type="float" onChange="showfocus" /> 
    <field id="rowFocusPercent" type="float" onChange="showrowfocus" />
  </interface>
 
  <script type="text/brightscript" uri="pkg:/components/ListsAndGrids/RowList/RowListItem.brs" />

  <children>

    <Poster 
      id="itemPoster" 
      translation="[ 10, 10 ]" 
      width="512" 
      height="288" 
      scaleRotateCenter="[ 256.0, 144.0 ]" >

      <Rectangle 
        id="itemMask" 
        width="512" 
        height="288" 
        scaleRotateCenter="[ 256.0, 144.0 ]" 
        color="0x101010FF" 
        opacity="0.75" />

    </Poster>

    <Label 
      id="itemLabel" 
      translation="[ 20, 264 ]" 
      width="492" 
      horizAlign="right" 
      opacity="0.0" />

  </children>

</component>
