<TestCases>
    <TestCase title="Stitched Ads: Mixed ad types" description="Preroll, Midroll, Postroll: Mixed ad types">
        <StitchedContent>
<!--
     <Video url="http://video.innovid.com/tmp/roku/stitching-video/stitched-videos-ad-block.mp4" format="mp4" duration="131" title="Stitched Innovid Test" id="x-720p" bitrate="1"/>
-->
            <Video url="http://public.data.roku.com/timecode_20min_recode.mp4" format="mp4" duration="1200" title="Timecode Video" id="x-720p" bitrate="1"/>
            <AdPod type="preroll" renderTime="0" duration="90">
                <Ad duration="30" type="iroll" url="http://video.innovid.com/tags/custom/roku/expand/media-gallery-sms-7f7np.json?cb=3">
                    <Tracking>
                        <Beacon type="Impression" url="http://example.com/?Innovid_1_Impression" time="0"/>
                        <Beacon type="Close" url="http://example.com/?Innovid_1_Close" />
                        <Beacon type="AcceptInvitation" url="http://example.com/?Innovid_1_AcceptInvitation"/>
                        <Beacon type="Midpoint" url="http://example.com/?Innovid_1_Midpoint" time="15"/>
                        <Beacon type="Complete" url="http://example.com/?Innovid_1_Complete" time="30"/>
                        <Beacon type="Pause" url="http://example.com/?Innovid_1_Pause"/>
                        <Beacon type="Resume" url="http://example.com/?Innovid_1_Resume"/>
                     </Tracking>
                </Ad>
                <Ad duration="30" type="mp4" url="">
                    <Tracking>
                        <Beacon type="Impression" url="http://example.com/?Video_2_Impression" time="30"/>
                        <Beacon type="Midpoint" url="http://example.com/?Video_2_Midpoint" time="45"/>
                        <Beacon type="Complete" url="http://example.com/?Video_2_Complete" time="60"/>
                        <Beacon type="Close" url="http://example.com/?Video_2_Close" />
                        <Beacon type="Pause" url="http://example.com/?Video_2_Pause"/>
                        <Beacon type="Resume" url="http://example.com/?Video_2_Resume"/>
                    </Tracking>
                </Ad>
                <Ad duration="30" type="iroll" url="http://research.innovid.com/tag/get.php?tag=q7d1o&amp;device=roku">
                    <Tracking>
                        <Beacon type="Impression" url="http://example.com/?Innovid_3_Impression" time="60"/>
                        <Beacon type="Close" url="http://example.com/?Innovid_3_Close" />
                        <Beacon type="AcceptInvitation" url="http://example.com/?Innovid_3_AcceptInvitation"/>
                        <Beacon type="Midpoint" url="http://example.com/?Innovid_3_Midpoint" time="75"/>
                        <Beacon type="Complete" url="http://example.com/?Innovid_3_Complete" time="90"/>
                        <Beacon type="Pause" url="http://example.com/?Innovid_3_Pause"/>
                        <Beacon type="Resume" url="http://example.com/?Innovid_3_Resume"/>
                    </Tracking>
                </Ad>
            </AdPod>
            <AdPod type="midroll" renderTime="630" duration="90">
                <Ad duration="30" type="mp4" url="">
                    <Tracking>
                        <Beacon type="Impression" url="http://example.com/?Video_1_Impression" time="630"/>
                        <Beacon type="Midpoint" url="http://example.com/?Video_1_Midpoint" time="645"/>
                        <Beacon type="Complete" url="http://example.com/?Video_1_Complete" time="660"/>
                        <Beacon type="Close" url="http://example.com/?Video_1_Close" />
                        <Beacon type="Pause" url="http://example.com/?Video_1_Pause"/>
                        <Beacon type="Resume" url="http://example.com/?Video_1_Resume"/>
                    </Tracking>
                </Ad>
                <Ad duration="30" type="iroll" url="http://video.innovid.com/tags/custom/roku/expand/media-gallery-sms-7f7np.json?cb=3">
                    <Tracking>
                        <Beacon type="Impression" url="http://example.com/?Innovid_2_Impression" time="660"/>
                        <Beacon type="Close" url="http://example.com/?Innovid_2_Close" />
                        <Beacon type="AcceptInvitation" url="http://example.com/?Innovid_2_AcceptInvitation"/>
                        <Beacon type="Midpoint" url="http://example.com/?Innovid_2_Midpoint" time="675"/>
                        <Beacon type="Complete" url="http://example.com/?Innovid_2_Complete" time="690"/>
                        <Beacon type="Pause" url="http://example.com/?Innovid_2_Pause"/>
                        <Beacon type="Resume" url="http://example.com/?Innovid_2_Resume"/>
                     </Tracking>
                </Ad>
                <Ad duration="30" type="brightline" url="https://a.brightline.tv/?id=ROKU_RAF_1&amp;ver=%%SDK_VER%%&amp;cb=%%CACHEBUSTER%%&amp;mblist=2450X,2500X">
                    <Tracking>
                        <Beacon type="Impression" url="http://a.brightline.tv/?track=impression&amp;ad_id=VIDEO_001" time="690"/>
                        <Beacon type="Impression" url="http://a.brightline.tv/?track=creativeView&amp;ad_id=VIDEO_001" time="690"/>
                        <Beacon type="FirstQuartile" url="http://a.brightline.tv/?track=firstQuartile&amp;ad_id=VIDEO_001" time="697"/>
                        <Beacon type="Midpoint" url="http://a.brightline.tv/?track=midpoint&amp;ad_id=VIDEO_001" time="705"/>
                        <Beacon type="ThirdQuartile" url="http://a.brightline.tv/?track=thirdQuartile&amp;ad_id=VIDEO_001" time="712"/>
                        <Beacon type="Complete" url="http://a.brightline.tv/?track=complete&amp;ad_id=VIDEO_001" time="720"/>
                        <Beacon type="Pause" url="http://a.brightline.tv/?track=pause&amp;ad_id=VIDEO_001"/>
                        <Beacon type="Resume" url="http://a.brightline.tv/?track=resume&amp;ad_id=VIDEO_001"/>
                        <Beacon type="AcceptInvitation" url="http://a.brightline.tv/?track=acceptInvitation&amp;ad_id=VIDEO_001"/>
                        <Beacon type="Close" url="http://a.brightline.tv/?track=close&amp;ad_id=VIDEO_001"/>
                    </Tracking>
                    <CompanionAd type="brightline" url="https://a.brightline.tv/?id=ROKU_RAF_1&amp;ver=%%SDK_VER%%&amp;cb=%%CACHEBUSTER%%&amp;mblist=2450X,2500X" width="1280" height="720">
                        <Tracking>
                            <Beacon type="Impression" url="http://a.brightline.tv/?track=companion_impression&amp;ad_id=001" time="690"/>
                            <Beacon type="AcceptInvitation" url="http://a.brightline.tv/?track=companion_accept_invitation&amp;ad_id=001"/>
                        </Tracking>
                    </CompanionAd>
                </Ad>
            </AdPod>
            <AdPod type="postroll" renderTime="1110" duration="90">
                <Ad duration="30" type="brightline" url="https://a.brightline.tv/?id=ROKU_RAF_1&amp;ver=%%SDK_VER%%&amp;cb=%%CACHEBUSTER%%&amp;mblist=2450X,2500X">
                    <Tracking>
                        <Beacon type="Impression" url="http://a.brightline.tv/?track=impression&amp;ad_id=VIDEO_001" time="1110"/>
                        <Beacon type="Impression" url="http://a.brightline.tv/?track=creativeView&amp;ad_id=VIDEO_001" time="1110"/>
                        <Beacon type="FirstQuartile" url="http://a.brightline.tv/?track=firstQuartile&amp;ad_id=VIDEO_001" time="1117"/>
                        <Beacon type="Midpoint" url="http://a.brightline.tv/?track=midpoint&amp;ad_id=VIDEO_001" time="1125"/>
                        <Beacon type="ThirdQuartile" url="http://a.brightline.tv/?track=thirdQuartile&amp;ad_id=VIDEO_001" time="1132"/>
                        <Beacon type="Complete" url="http://a.brightline.tv/?track=complete&amp;ad_id=VIDEO_001" time="1140"/>
                        <Beacon type="Pause" url="http://a.brightline.tv/?track=pause&amp;ad_id=VIDEO_001"/>
                        <Beacon type="Resume" url="http://a.brightline.tv/?track=resume&amp;ad_id=VIDEO_001"/>
                        <Beacon type="AcceptInvitation" url="http://a.brightline.tv/?track=acceptInvitation&amp;ad_id=VIDEO_001"/>
                        <Beacon type="Close" url="http://a.brightline.tv/?track=close&amp;ad_id=VIDEO_001"/>
                    </Tracking>
                    <CompanionAd type="brightline" url="https://a.brightline.tv/?id=ROKU_RAF_1&amp;ver=%%SDK_VER%%&amp;cb=%%CACHEBUSTER%%&amp;mblist=2450X,2500X" width="1280" height="720">
                        <Tracking>
                            <Beacon type="Impression" url="http://a.brightline.tv/?track=companion_impression&amp;ad_id=001" time="1110"/>
                            <Beacon type="AcceptInvitation" url="http://a.brightline.tv/?track=companion_accept_invitation&amp;ad_id=001"/>
                        </Tracking>
                    </CompanionAd>
                </Ad>
                <Ad duration="30" type="mp4" url="">
                    <Tracking>
                        <Beacon type="Impression" url="http://example.com/?Video_2_Impression" time="1140"/>
                        <Beacon type="Midpoint" url="http://example.com/?Video_2_Midpoint" time="1155"/>
                        <Beacon type="Complete" url="http://example.com/?Video_2_Complete" time="1170"/>
                        <Beacon type="Close" url="http://example.com/?Video_2_Close" />
                        <Beacon type="Pause" url="http://example.com/?Video_2_Pause"/>
                        <Beacon type="Resume" url="http://example.com/?Video_2_Resume"/>
                    </Tracking>
                </Ad>
                <Ad duration="30" type="iroll" url="http://video.innovid.com/tags/custom/roku/expand/media-gallery-sms-7f7np.json?cb=3">
                    <Tracking>
                        <Beacon type="Impression" url="http://example.com/?Innovid_3_Impression" time="1170"/>
                        <Beacon type="Close" url="http://example.com/?Innovid_3_Close" />
                        <Beacon type="AcceptInvitation" url="http://example.com/?Innovid_3_AcceptInvitation"/>
                        <Beacon type="Midpoint" url="http://example.com/?Innovid_3_Midpoint" time="1185"/>
                        <Beacon type="Complete" url="http://example.com/?Innovid_3_Complete" time="1200"/>
                        <Beacon type="Pause" url="http://example.com/?Innovid_3_Pause"/>
                        <Beacon type="Resume" url="http://example.com/?Innovid_3_Resume"/>
                     </Tracking>
                </Ad>
            </AdPod>
        </StitchedContent>
    </TestCase>
    <TestCase title="Stitched Ads: all Innovid" description="Preroll, Midroll, Postroll: all Innovid">
        <StitchedContent>
            <Video url="http://public.data.roku.com/timecode_20min_recode.mp4" format="mp4" duration="1200" title="Timecode Video" id="x-720p" bitrate="1"/>
            <AdPod type="preroll" renderTime="0" duration="90">
                <!-- eBay Expand/Media Gallery w/ SMS -->
                <Ad duration="30" type="iroll" url="http://video.innovid.com/tags/static.innovid.com/roku/1gug9d.json?cb=e26fc94f-e62a-2873-4876-fc7d7c3e414d">
                    <Tracking>
                        <Beacon type="Impression" url="http://example.com/?Innovid_1_Impression" time="0"/>
                        <Beacon type="Close" url="http://example.com/?Innovid_1_Close" />
                        <Beacon type="AcceptInvitation" url="http://example.com/?Innovid_1_AcceptInvitation"/>
                        <Beacon type="Midpoint" url="http://example.com/?Innovid_1_Midpoint" time="15"/>
                        <Beacon type="Complete" url="http://example.com/?Innovid_1_Complete" time="30"/>
                        <Beacon type="Pause" url="http://example.com/?Innovid_1_Pause"/>
                        <Beacon type="Resume" url="http://example.com/?Innovid_1_Resume"/>
                     </Tracking>
                </Ad>
                <!-- Best Buy Expand/Image Gallery -->
                <Ad duration="30" type="iroll" url="http://video.innovid.com/tags/static.innovid.com/roku/1gug9o.json?cb=a041f1c2-e0d0-0732-794f-220d6017e62e">
                    <Tracking>
                        <Beacon type="Impression" url="http://example.com/?Innovid_2_Impression" time="30"/>
                        <Beacon type="AcceptInvitation" url="http://example.com/?Innovid_2_AcceptInvitation"/>
                        <Beacon type="Midpoint" url="http://example.com/?Innovid_2_Midpoint" time="45"/>
                        <Beacon type="Complete" url="http://example.com/?Innovid_2_Complete" time="60"/>
                        <Beacon type="Close" url="http://example.com/?Innovid_2_Close" />
                        <Beacon type="Pause" url="http://example.com/?Innovid_2_Pause"/>
                        <Beacon type="Resume" url="http://example.com/?Innovid_2_Resume"/>
                    </Tracking>
                </Ad>
                <!-- Crackle Endemic/Install Channel -->
                <Ad duration="30" type="iroll" url="http://video.innovid.com/tags/static.innovid.com/roku/1guga3.json?cb=3c2e6499-5696-bbe4-9a85-eb7187fd29cb">
                    <Tracking>
                        <Beacon type="Impression" url="http://example.com/?Innovid_3_Impression" time="60"/>
                        <Beacon type="Close" url="http://example.com/?Innovid_3_Close" />
                        <Beacon type="AcceptInvitation" url="http://example.com/?Innovid_3_AcceptInvitation"/>
                        <Beacon type="Midpoint" url="http://example.com/?Innovid_3_Midpoint" time="75"/>
                        <Beacon type="Complete" url="http://example.com/?Innovid_3_Complete" time="90"/>
                        <Beacon type="Pause" url="http://example.com/?Innovid_3_Pause"/>
                        <Beacon type="Resume" url="http://example.com/?Innovid_3_Resume"/>
                    </Tracking>
                </Ad>
            </AdPod>
            <AdPod type="midroll" renderTime="630" duration="90">
                <!-- Disney Expand/Video Gallery -->
                <Ad duration="30" type="iroll" url="http://video.innovid.com/tags/static.innovid.com/roku/1gug9r.json?cb=83da45c6-a22d-8676-37dc-e1d1e3ab0886">
                    <Tracking>
                        <Beacon type="Impression" url="http://example.com/?Innovid_1_Impression" time="630"/>
                        <Beacon type="AcceptInvitation" url="http://example.com/?Innovid_1_AcceptInvitation"/>
                        <Beacon type="Midpoint" url="http://example.com/?Innovid_1_Midpoint" time="645"/>
                        <Beacon type="Complete" url="http://example.com/?Innovid_1_Complete" time="660"/>
                        <Beacon type="Close" url="http://example.com/?Innovid_1_Close" />
                        <Beacon type="Pause" url="http://example.com/?Innovid_1_Pause"/>
                        <Beacon type="Resume" url="http://example.com/?Innovid_1_Resume"/>
                    </Tracking>
                </Ad>
                <!-- Jack in the Box Expand/Image Gallery -->
                <Ad duration="30" type="iroll" url="http://video.innovid.com/tags/static.innovid.com/roku/1gug9q.json?cb=889c8e1b-27ee-f201-9c2d-90584a5a80fa">
                    <Tracking>
                        <Beacon type="Impression" url="http://example.com/?Innovid_2_Impression" time="660"/>
                        <Beacon type="Close" url="http://example.com/?Innovid_2_Close" />
                        <Beacon type="AcceptInvitation" url="http://example.com/?Innovid_2_AcceptInvitation"/>
                        <Beacon type="Midpoint" url="http://example.com/?Innovid_2_Midpoint" time="675"/>
                        <Beacon type="Complete" url="http://example.com/?Innovid_2_Complete" time="690"/>
                        <Beacon type="Pause" url="http://example.com/?Innovid_2_Pause"/>
                        <Beacon type="Resume" url="http://example.com/?Innovid_2_Resume"/>
                     </Tracking>
                </Ad>
                <!-- Lexus Expand/Media Gallery w/ SMS -->
                <Ad duration="30" type="iroll" url="http://video.innovid.com/tags/static.innovid.com/roku/1gug9k.json?cb=8c1606f3-8229-97d6-2374-391d46a46f50">
                    <Tracking>
                        <Beacon type="Impression" url="http://example.com/?Innovid_3_Impression" time="690"/>
                        <Beacon type="Close" url="http://example.com/?Innovid_3_Close" />
                        <Beacon type="AcceptInvitation" url="http://example.com/?Innovid_3_AcceptInvitation"/>
                        <Beacon type="Midpoint" url="http://example.com/?Innovid_3_Midpoint" time="705"/>
                        <Beacon type="Complete" url="http://example.com/?Innovid_3_Complete" time="720"/>
                        <Beacon type="Pause" url="http://example.com/?Innovid_3_Pause"/>
                        <Beacon type="Resume" url="http://example.com/?Innovid_3_Resume"/>
                     </Tracking>
                </Ad>
            </AdPod>
            <AdPod type="postroll" renderTime="1110" duration="90">
                <!-- Crackle Endemic/Follow Content -->
                <Ad duration="30" type="iroll" url="http://video.innovid.com/tags/static.innovid.com/roku/1guga4.json?cb=ece56919-87a6-3ef9-8070-be58fff59d9a">
                    <Tracking>
                        <Beacon type="Impression" url="http://example.com/?Innovid_1_Impression" time="1110"/>
                        <Beacon type="Close" url="http://example.com/?Innovid_1_Close" />
                        <Beacon type="AcceptInvitation" url="http://example.com/?Innovid_1_AcceptInvitation"/>
                        <Beacon type="Midpoint" url="http://example.com/?Innovid_1_Midpoint" time="1125"/>
                        <Beacon type="Complete" url="http://example.com/?Innovid_1_Complete" time="1140"/>
                        <Beacon type="Pause" url="http://example.com/?Innovid_1_Pause"/>
                        <Beacon type="Resume" url="http://example.com/?Innovid_1_Resume"/>
                     </Tracking>
                </Ad>
                <!-- Sony - Alpha Expand / Media Gallery w/ SMS -->
                <Ad duration="30" type="iroll" url="http://video.innovid.com/tags/static.innovid.com/roku/1gug9j.json?cb=6965b6b0-09bc-552d-36aa-51d522eef90a">
                    <Tracking>
                        <Beacon type="Impression" url="http://example.com/?Innovid_2_Impression" time="1140"/>
                        <Beacon type="AcceptInvitation" url="http://example.com/?Innovid_2_AcceptInvitation"/>
                        <Beacon type="Midpoint" url="http://example.com/?Innovid_2_Midpoint" time="1155"/>
                        <Beacon type="Complete" url="http://example.com/?Innovid_2_Complete" time="1170"/>
                        <Beacon type="Close" url="http://example.com/?Innovid_2_Close" />
                        <Beacon type="Pause" url="http://example.com/?Innovid_2_Pause"/>
                        <Beacon type="Resume" url="http://example.com/?Innovid_Video_2_Resume"/>
                    </Tracking>
                </Ad>
                <!-- Fedex Expand / Video Gallery -->
                <Ad duration="30" type="iroll" url="http://video.innovid.com/tags/static.innovid.com/roku/1gug9t.json?cb=8af0bece-60b7-d4e4-a700-ddf19e3aa8c9">
                    <Tracking>
                        <Beacon type="Impression" url="http://example.com/?Innovid_3_Impression" time="1170"/>
                        <Beacon type="Close" url="http://example.com/?Innovid_3_Close" />
                        <Beacon type="AcceptInvitation" url="http://example.com/?Innovid_3_AcceptInvitation"/>
                        <Beacon type="Midpoint" url="http://example.com/?Innovid_3_Midpoint" time="1185"/>
                        <Beacon type="Complete" url="http://example.com/?Innovid_3_Complete" time="1200"/>
                        <Beacon type="Pause" url="http://example.com/?Innovid_3_Pause"/>
                        <Beacon type="Resume" url="http://example.com/?Innovid_3_Resume"/>
                     </Tracking>
                </Ad>
            </AdPod>
        </StitchedContent>
    </TestCase>
</TestCases>

