<?xml version = "1.0" encoding = "utf-8" ?> 

<!--********** Copyright 2016 Roku Corp.  All Rights Reserved. **********-->

<component name = "LayoutGroupExample" extends = "Scene" >

  <script type = "text/brightscript" >

    <![CDATA[

    sub init()
      m.top.backgroundURI = "pkg:/images/rsgetbg.jpg"

      m.top.setFocus(true)

      layoutgroup = m.top.findNode("exampleLayoutGroup")

      layoutgroup.buttons = [ "OK", "Cancel" ]

      devInfo = createObject("roDeviceInfo")
      UIResolution = devInfo.getUIResolution()

      layoutgrouprect = layoutgroup.boundingRect()
      layoutgrouplrect = layoutgroup.localBoundingRect()

      centerx = -layoutgrouprect.x + (UIResolution.width - layoutgrouplrect.width)  / 2
      centery = -layoutgrouprect.y + (UIResolution.height - layoutgrouplrect.height) / 2

      layoutgroup.translation = [ centerx, centery ]
    end sub

    ]]>

  </script>

  <children >

    <Group id = "exampleLayoutGroup" >

      <!--** fully saturated primary and secondary colors **-->

      <LayoutGroup 
        id = "fullysaturatedcolors"
        translation = "[0,0]" 
        itemSpacings = "[20]" 
        layoutDirection = "horiz" >

        <Rectangle 
          color = "0xFF0000FF"
          height = "40"
          width = "180" >

          <Label 
            color = "0x000000FF"
            height = "40"
            width = "180"
            horizAlign = "center"
            vertAlign = "center"
            text = "0xFF0000FF"/>

        </Rectangle>

        <Rectangle 
          color = "0xFFFF00FF"
          height = "40"
          width = "180" >

          <Label 
            color = "0x000000FF"
            height = "40"
            width = "180" 
            horizAlign = "center"
            vertAlign = "center"
            text = "0xFFFF00FF"/>

        </Rectangle>

        <Rectangle 
          color = "0x00FF00FF"
          height = "40"
          width = "180" >

          <Label 
            color = "0x000000FF"
            height = "40"
            width = "180" 
            horizAlign = "center"
            vertAlign = "center"
            text = "0x00FF00FF"/>

        </Rectangle>

        <Rectangle 
          color = "0x00FFFFFF"
          height = "40"
          width = "180" >

          <Label 
            color = "0x000000FF"
            height = "40"
            width = "180" 
            horizAlign = "center"
            vertAlign = "center"
            text = "0x00FFFFFF"/>

        </Rectangle>

        <Rectangle 
          color = "0x0000FFFF"
          height = "40"
          width = "180" >

          <Label 
            color = "0x000000FF"
            height = "40"
            width = "180" 
            horizAlign = "center"
            vertAlign = "center"
            text = "0x0000FFFF"/>

        </Rectangle>

        <Rectangle 
          color = "0xFF00FFFF"
          height = "40"
          width = "180" >

          <Label 
            color = "0x000000FF"
            height = "40"
            width = "180"
            horizAlign = "center"
            vertAlign = "center"
            text = "0xFF00FFFF"/>

        </Rectangle>

      </LayoutGroup>

      <!--** less saturated **-->

      <LayoutGroup 
        id = "lesssaturatedcolors"
        translation = "[0,110]" 
        itemSpacings = "[20]" 
        layoutDirection = "horizontal" >

        <Rectangle 
          color = "0xCC0000FF"
          height = "40"
          width = "180" >

          <Label 
            color = "0x000000FF"
            height = "40"
            width = "180" 
            horizAlign = "center"
            vertAlign = "center"
            text = "0xCC0000FF"/>

        </Rectangle>

        <Rectangle 
          color = "0xCCCC00FF"
          height = "40"
          width = "180" >

          <Label 
            color = "0x000000FF"
            height = "40"
            width = "180" 
            horizAlign = "center"
            vertAlign = "center"
            text = "0xCCCC00FF"/>

	</Rectangle>

        <Rectangle 
          color = "0x00CC00FF"
          height = "40"
          width = "180" >

          <Label 
            color = "0x000000FF"
            height = "40"
            width = "180" 
            horizAlign = "center"
            vertAlign = "center"
            text = "0x00CC00FF"/>

        </Rectangle>

        <Rectangle 
          color = "0x00CCCCFF"
          height = "40"
          width = "180" >

          <Label 
            color = "0x000000FF"
            height = "40"
            width = "180" 
            horizAlign = "center"
            vertAlign = "center"
            text = "0x00CCCCFF"/>

        </Rectangle>

        <Rectangle 
          color = "0x0000CCFF"
          height = "40"
          width = "180" >

          <Label 
            color = "0x000000FF"
            height = "40"
            width = "180" 
            horizAlign = "center"
            vertAlign = "center"
            text = "0x0000CCFF"/>

        </Rectangle>

        <Rectangle 
          color = "0xCC00CCFF"
          height = "40"
          width = "180" >

          <Label 
            color = "0x000000FF"
            height = "40"
            width = "180" 
            horizAlign = "center"
            vertAlign = "center"
            text = "0xCC00CCFF"/>

        </Rectangle>

      </LayoutGroup>

      <!--** even less saturated **-->

      <LayoutGroup 
	id = "evenlesssaturatedcolors"
	translation = "[0,170]" 
	itemSpacings = "[20]" 
	layoutDirection = "horizontal" >

        <Rectangle 
          color = "0x990000FF"
          height = "40"
          width = "180" >

          <Label 
            color = "0x000000FF"
            height = "40"
            width = "180" 
            horizAlign = "center"
            vertAlign = "center"
            text = "0x990000FF"/>

        </Rectangle>

        <Rectangle 
          color = "0x999900FF"
          height = "40"
          width = "180" >

          <Label 
            color = "0x000000FF"
            height = "40"
            width = "180" 
            horizAlign = "center"
            vertAlign = "center"
            text = "0x999900FF"/>

        </Rectangle>

        <Rectangle 
          color = "0x009900FF"
          height = "40"
          width = "180" >

          <Label 
            color = "0x000000FF"
            height = "40"
            width = "180" 
            horizAlign = "center"
            vertAlign = "center"
            text = "0x009900FF"/>

        </Rectangle>

        <Rectangle 
          color = "0x009999FF"
          height = "40"
          width = "180" >

          <Label 
            color = "0x000000FF"
            height = "40"
            width = "180" 
            horizAlign = "center"
            vertAlign = "center"
            text = "0x009999FF"/>

        </Rectangle>

        <Rectangle 
          color = "0x000099FF"
          height = "40"
          width = "180" >

          <Label 
            color = "0x000000FF"
            height = "40"
            width = "180" 
            horizAlign = "center"
            vertAlign = "center"
            text = "0x000099FF"/>

        </Rectangle>

        <Rectangle 
          color = "0x990099FF"
          height = "40"
          width = "180" >

          <Label 
            color = "0x000000FF"
            height = "40"
            width = "180" 
            horizAlign = "center"
            vertAlign = "center"
            text = "0x990099FF"/>

        </Rectangle>

      </LayoutGroup>

      <!--** alpha channels **-->

      <LayoutGroup
	id = "alphachannel1"
	translation = "[0,350]"
	itemSpacings = "[20]" 
	layoutDirection = "horizontal" >

        <Rectangle 
          color = "0xFF0000CC"
          height = "40"
          width = "180" >

          <Label 
            color = "0x000000FF"
            height = "40"
            width = "180" 
            horizAlign = "center"
            vertAlign = "center"
            text = "0xFF0000CC"/>

        </Rectangle>

        <Rectangle 
          color = "0xFFFF00CC"
          height = "40"
          width = "180" >

          <Label 
            color = "0x000000FF"
            height = "40"
            width = "180" 
            horizAlign = "center"
            vertAlign = "center"
            text = "0xFFFF00CC"/>

        </Rectangle>

        <Rectangle 
          color = "0x00FF00CC"
          height = "40"
          width = "180" >

          <Label 
            color = "0x000000FF"
            height = "40"
            width = "180" 
            horizAlign = "center"
            vertAlign = "center"
            text = "0x00FF00CC"/>

        </Rectangle>

        <Rectangle 
          color = "0x00FFFFCC"
          height = "40"
          width = "180" >

          <Label 
            color = "0x000000FF"
            height = "40"
            width = "180" 
            horizAlign = "center"
            vertAlign = "center"
            text = "0x00FFFFCC"/>

        </Rectangle>

        <Rectangle 
          color = "0x0000FFCC"
          height = "40"
          width = "180" >

          <Label 
            color = "0x000000FF"
            height = "40"
            width = "180" 
            horizAlign = "center"
            vertAlign = "center"
            text = "0x0000FFCC"/>

        </Rectangle>

        <Rectangle 
          color = "0xFF00FFCC"
          height = "40"
          width = "180" >

          <Label 
            color = "0x000000FF"
            height = "40"
            width = "180" 
            horizAlign = "center"
            vertAlign = "center"
            text = "0xFF00FFCC"/>

        </Rectangle>

      </LayoutGroup>

      <LayoutGroup
	id = "alphachannel2"
	translation = "[0,410]"
	itemSpacings = "[20]" 
	layoutDirection = "horizontal" >

        <Rectangle 
          color = "0xFF000099"
          height = "40"
          width = "180" >

          <Label 
            color = "0x000000FF"
            height = "40"
            width = "180" 
            horizAlign = "center"
            vertAlign = "center"
            text = "0xFF000099"/>

        </Rectangle>

        <Rectangle 
          color = "0xFFFF0099"
          height = "40"
          width = "180" >

          <Label 
            color = "0x000000FF"
            height = "40"
            width = "180" 
            horizAlign = "center"
            vertAlign = "center"
            text = "0xFFFF0099"/>

        </Rectangle>

        <Rectangle 
          color = "0x00FF0099"
          height = "40"
          width = "180" 
          translation = "[400,410]" >

          <Label 
            color = "0x000000FF"
            height = "40"
            width = "180" 
            horizAlign = "center"
            vertAlign = "center"
            text = "0x00FF0099"/>

        </Rectangle>

        <Rectangle 
          color = "0x00FFFF99"
          height = "40"
          width = "180" 
          translation = "[400,410]" >

          <Label 
            color = "0x000000FF"
            height = "40"
            width = "180" 
            horizAlign = "center"
            vertAlign = "center"
            text = "0x00FFFF99"/>

        </Rectangle>

        <Rectangle 
          color = "0x0000FF99"
          height = "40"
          width = "180" >

          <Label 
            color = "0x000000FF"
            height = "40"
            width = "180" 
            horizAlign = "center"
            vertAlign = "center"
            text = "0x0000FF99"/>

        </Rectangle>

        <Rectangle 
          color = "0xFF00FF99"
          height = "40"
          width = "180" >

          <Label 
            color = "0x000000FF"
            height = "40"
            width = "180" 
            horizAlign = "center"
            vertAlign = "center"
            text = "0xFF00FF99"/>

        </Rectangle>

      </LayoutGroup>

      <LayoutGroup
	id = "alphachannel3"
	translation = "[0,470]"
	itemSpacings = "[20]" 
	layoutDirection = "horizontal" >

        <Rectangle 
          color = "0xFF000066"
          height = "40"
          width = "180" >

          <Label 
            color = "0x000000FF"
            height = "40"
            width = "180" 
            horizAlign = "center"
            vertAlign = "center"
            text = "0xFF000066"/>

        </Rectangle>

        <Rectangle 
          color = "0xFFFF0066"
          height = "40"
          width = "180" >

          <Label 
            color = "0x000000FF"
            height = "40"
            width = "180" 
            horizAlign = "center"
            vertAlign = "center"
            text = "0xFFFF0066"/>

        </Rectangle>

        <Rectangle 
          color = "0x00FF0066"
          height = "40"
          width = "180" >

          <Label 
            color = "0x000000FF"
            height = "40"
            width = "180" 
            horizAlign = "center"
            vertAlign = "center"
            text = "0x00FF0066"/>

        </Rectangle>

        <Rectangle 
          color = "0x00FFFF66"
          height = "40"
          width = "180" >

          <Label 
            color = "0x000000FF"
            height = "40"
            width = "180" 
            horizAlign = "center"
            vertAlign = "center"
            text = "0x00FFFF66"/>

        </Rectangle>

        <Rectangle 
          color = "0x0000FF66"
          height = "40"
          width = "180" >

          <Label 
            color = "0x000000FF"
            height = "40"
            width = "180" 
            horizAlign = "center"
            vertAlign = "center"
            text = "0x0000FF66"/>

        </Rectangle>

        <Rectangle 
          color = "0xFF00FF66"
          height = "40"
          width = "180" >

          <Label 
            color = "0x000000FF"
            height = "40"
            width = "180" 
            horizAlign = "center"
            vertAlign = "center"
            text = "0xFF00FF66"/>

        </Rectangle>

      </LayoutGroup>

      <!--** text colors and fonts **-->

      <LayoutGroup
	id = "textcolorsfonts"
	translation = "[400,630]"
	itemSpacings = "[20]" 
	layoutDirection = "horizontal" >

        <Rectangle 
          color = "0x262626FF"
          height = "40"
          width = "180" >

          <Label 
            color = "0xB3B3B3FF"
            height = "40"
            width = "180" 
            horizAlign = "center"
            vertAlign = "center"
            text = "0xB3B3B3FF"/>

        </Rectangle>

        <Rectangle 
          color = "0xB3B3B3FF"
          height = "40"
          width = "180" >

          <Label 
            color = "0x262626FF"
            font = "font:MediumBoldSystemFont"
            height = "40"
            width = "180" 
            horizAlign = "center"
            vertAlign = "center"
            text = "0x262626FF"/>

        </Rectangle>

      </LayoutGroup>

    </Group>

  </children>

</component>
