<?xml version="1.0" encoding="utf-8" ?> 

<!--********** Copyright 2015 Roku Corp.  All Rights Reserved. **********-->

<component name="categoryinfoPanel" extends="Panel" >

<interface>
  <field id = "description" type = "string" onChange = "showdescription" /> 
</interface>

<script type="text/brightscript" >
<![CDATA[

sub init()
  m.top.panelSize = "medium"
  m.top.focusable = true
  m.top.hasNextPanel = true

  m.infolabel = m.top.findNode("infoLabel")
end sub

sub showdescription()
  m.infolabel.text = m.top.description 
end sub

]]> 
</script>

<children>

<Rectangle
  id = "infoRectangle"
  translation = "[0,40]"
  height = "420"
  width = "520"
  color = "0x00000099" >

  <Label
    id = "infoLabel"
    translation = "[15,15]"
    height = "595"
    width = "510"
    wrap = "true"
    font = "font:MediumBoldSystemFont" />

</Rectangle>

</children>

</component>
