<?xml version="1.0" encoding="utf-8" ?> 

<!--********** Copyright 2015 Roku Corp.  All Rights Reserved. **********-->

<component name="examplesGridPanel" extends="GridPanel" >

<interface>
  <field id = "overhangtext" type = "string" />
  <field id = "gridcontenturi" type = "string" onChange = "readpostergrid" />
</interface>

<script type="text/brightscript" >
<![CDATA[

sub init()
  m.top.panelSize = "full"
  m.top.isFullScreen = true
  m.top.focusable = true
  m.top.hasNextPanel = false
  m.top.createNextPanelOnItemFocus = false
  m.top.optionsAvailable = true
  m.top.grid = m.top.findNode("examplesPosterGrid")
end sub

sub readpostergrid()
  m.readPosterGridTask = createObject("roSGNode","postergridCR")
  m.readPosterGridTask.postergriduri = m.top.gridcontenturi
  m.readPosterGridTask.observeField("postergridcontent","showpostergrid")
  m.readPosterGridTask.control = "RUN" 
end sub

sub showpostergrid()
  m.top.grid.content = m.readPosterGridTask.postergridcontent 
  m.top.overhangTitle = m.top.overhangtext
end sub

]]> 
</script>

<children>

<PosterGrid
  id = "examplesPosterGrid"
  basePosterSize = "[520,296]"
  caption1NumLines = "1"
  numColumns = "2"
  numRows = "5"
  itemSpacing = "[15,15]" />

</children>

</component>
