{
    "contents": [
        {
            "title" : "VOD Stream",
            "description" : "VOD content, taken from Google DAI Sample",
            "videoId": "googleio-highlights",
            "contentSourceId": "19463"
        },
        {
            "title" : "Live event",
            "description" : "LIVE content, taken from Google DAI Sample",
            "live": true,
            "assetKey": "sN_IYUG8STe1ZzhIIE_ksA"
        },
        {
            "title" : "Your TestAsset",
            "id"    : "test_asset_id",
            "description" : "Add your test asset title ad url and mediaURL.",
            "url"   : "http://  Ad URL of your test asset"
        }
    ]
}
