[
   {
      "ads":[
         {
            "duration":30,
            "streamformat":"mp4",
            "streams":[
               {
                  "bitrate":1230,
                  "height":480,
                  "mimetype":"video/mp4",
                  "url":"http://htmlsamples.blob.core.windows.net/video/Windows_8_Cliffjumpers_852x480.mp4",
                  "width":852
               }
            ],
            "tracking":[
               {
                  "event":"Impression",
                  "time":0,
                  "url":"http://example.com/ad/tracking/?label=impression&pre"
               },
               {
                  "event":"FirstQuartile",
                  "time":7.5,
                  "url":"http://example.com/ad/tracking/?label=firstQuartile&pre"
               },
               {
                  "event":"Midpoint",
                  "time":15,
                  "url":"http://example.com/ad/tracking/?label=Midpoint&pre"
               },
               {
                  "event":"ThirdQuartile",
                  "time":22.5,
                  "url":"http://example.com/ad/tracking/?label=ThirdQuartile&pre"
               },
               {
                  "event":"Complete",
                  "time":30,
                  "url":"http://example.com/ad/tracking/?label=Complete&pre"
               }
            ]
         }
      ],
      "rendersequence":"preroll"
   },
   {
      "ads":[
         {
            "duration":15,
            "streamformat":"mp4",
            "streams":[
               {
                  "height":360,
                  "mimetype":"video/mp4-h264",
                  "url":"https://d2d2zpux72vvgq.cloudfront.net/videos/LG_source_29939_36982_16x9_15s_500k.mp4",
                  "width":640
               }
            ],
            "tracking":[
               {
                  "event":"Impression",
                  "time":0,
                  "url":"http://example.com/ad/tracking/?label=Impression&mid"
               },
               {
                  "event":"FirstQuartile",
                  "time":3.75,
                  "url":"http://example.com/ad/tracking/?label=FirstQuartile&mid"
               },
               {
                  "event":"Midpoint",
                  "time":7.5,
                  "url":"http://example.com/ad/tracking/?label=Midpoint&mid"
               },
               {
                  "event":"ThirdQuartile",
                  "time":11.25,
                  "url":"http://example.com/ad/tracking/?label=ThirdQuartile&mid"
               },
               {
                  "event":"Complete",
                  "time":15,
                  "url":"http://example.com/ad/tracking/?label=Complete&mid"
               }
            ]
         }
      ],
      "rendersequence":"midroll",
      "rendertime":301
   },
   {
      "ads":[
         {
            "duration":15,
            "streamformat":"mp4",
            "streams":[
               {
                  "bitrate":622,
                  "height":360,
                  "mimetype":"video/mp4",
                  "url":"http://flv.sales.cbs.com/Q1/HOUSE_Roadshow_15.mp4",
                  "width":640
               }
            ],
            "tracking":[
               {
                  "event":"Impression",
                  "time":0,
                  "url":"http://example.com/ad/tracking/?label=Impression"
               },
               {
                  "event":"FirstQuartile",
                  "time":3.75,
                  "url":"http://example.com/ad/tracking/?label=FirstQuartile"
               },
               {
                  "event":"Midpoint",
                  "time":7.5,
                  "url":"http://example.com/ad/tracking/?label=Midpoint"
               },
               {
                  "event":"ThirdQuartile",
                  "time":11.25,
                  "url":"http://example.com/ad/tracking/?label=ThirdQuartile"
               },
               {
                  "event":"Complete",
                  "time":15,
                  "url":"http://example.com/ad/tracking/?label=Complete"
               }
            ]
         }
      ],
      "rendersequence":"postroll"
   }
]
