<?xml version = "1.0" encoding = "utf-8" ?> 

<!--********** Copyright 2016 Roku Corp.  All Rights Reserved. **********-->

<component name = "ListPanelExample" extends = "ListPanel" >

  <script type = "text/brightscript" >

    <![CDATA[

    sub init()
      m.top.panelSize = "medium"
      m.top.focusable = true
      m.top.hasNextPanel = false
      m.top.leftOnly = true

      m.top.list = m.top.findNode("exampleLabelList")
    end sub

    ]]> 

  </script>

  <children>

    <LabelList id = "exampleLabelList" >

      <ContentNode role = "content" >

        <ContentNode title = "Renderable Nodes" />
        <ContentNode title = "Z-Order/Parent-Child" />
        <ContentNode title = "Animations" />
        <ContentNode title = "Events and Observers" />

      </ContentNode>

    </LabelList>

  </children>

</component>
