<?xml version="1.0" encoding="utf-8" ?>
<!-- Copyright 2018 Roku, Inc.  All Rights Reserved. -->
<component name="MainScene" extends="Scene" >
<script type="text/brightscript" uri="./MainScene.brs" />

<children>
  <LayoutGroup
    translation = "[100,100]"
    layoutDirection="horiz"
    itemSpacings="[10,20]">
 
    <LabelList
        id = "testItems"
        translation = "[100,100]"
        itemSize = "[500,50]" >
        <ContentNode id = "contentList" role = "content" >
        </ContentNode>
    </LabelList>

    <Label
        id = "description"
        text = "description"
        color = "0xFFFFFFFF"
        numLines = "20"
        width = "500"
        font = "font:SmallestSystemFont"
        wrap = "true" />

  </LayoutGroup>

  <Video id="myVideo" width="1280" height="720" visible="false"/>
</children>

</component>
